{"IcoMoonType":"selection","icons":[{"icon":{"paths":[],"attrs":[],"isMulticolor":false,"isMulticolor2":false,"grid":0,"tags":["0"]},"attrs":[],"properties":{"order":9,"id":42,"name":"0","prevSize":32,"code":48},"setIdx":0,"setId":0,"iconIdx":0},{"icon":{"paths":[],"attrs":[],"isMulticolor":false,"isMulticolor2":false,"grid":0,"tags":["1"]},"attrs":[],"properties":{"order":16,"id":41,"name":"1","prevSize":32,"code":49},"setIdx":0,"setId":0,"iconIdx":1},{"icon":{"paths":[],"attrs":[],"isMulticolor":false,"isMulticolor2":false,"grid":0,"tags":["2"]},"attrs":[],"properties":{"order":17,"id":40,"name":"2","prevSize":32,"code":50},"setIdx":0,"setId":0,"iconIdx":2},{"icon":{"paths":[],"attrs":[],"isMulticolor":false,"isMulticolor2":false,"grid":0,"tags":["3"]},"attrs":[],"properties":{"order":23,"id":39,"name":"3","prevSize":32,"code":51},"setIdx":0,"setId":0,"iconIdx":3},{"icon":{"paths":[],"attrs":[],"isMulticolor":false,"isMulticolor2":false,"grid":0,"tags":["4"]},"attrs":[],"properties":{"order":24,"id":38,"name":"4","prevSize":32,"code":52},"setIdx":0,"setId":0,"iconIdx":4},{"icon":{"paths":[],"attrs":[],"isMulticolor":false,"isMulticolor2":false,"grid":0,"tags":["5"]},"attrs":[],"properties":{"order":28,"id":37,"name":"5","prevSize":32,"code":53},"setIdx":0,"setId":0,"iconIdx":5},{"icon":{"paths":[],"attrs":[],"isMulticolor":false,"isMulticolor2":false,"grid":0,"tags":["6"]},"attrs":[],"properties":{"order":33,"id":36,"name":"6","prevSize":32,"code":55},"setIdx":0,"setId":0,"iconIdx":6},{"icon":{"paths":[],"attrs":[],"isMulticolor":false,"isMulticolor2":false,"grid":0,"tags":["7"]},"attrs":[],"properties":{"order":34,"id":35,"name":"7","prevSize":32,"code":59658},"setIdx":0,"setId":0,"iconIdx":7},{"icon":{"paths":[],"attrs":[],"isMulticolor":false,"isMulticolor2":false,"grid":0,"tags":["8"]},"attrs":[],"properties":{"order":39,"id":34,"name":"8","prevSize":32,"code":56},"setIdx":0,"setId":0,"iconIdx":8},{"icon":{"paths":[],"attrs":[],"isMulticolor":false,"isMulticolor2":false,"grid":0,"tags":["9"]},"attrs":[],"properties":{"order":40,"id":33,"name":"9","prevSize":32,"code":57},"setIdx":0,"setId":0,"iconIdx":9},{"icon":{"paths":[],"attrs":[],"isMulticolor":false,"isMulticolor2":false,"grid":0,"tags":["A"]},"attrs":[],"properties":{"order":45,"id":32,"name":"A","prevSize":32,"code":97},"setIdx":0,"setId":0,"iconIdx":10},{"icon":{"paths":[],"attrs":[],"isMulticolor":false,"isMulticolor2":false,"grid":0,"tags":["B"]},"attrs":[],"properties":{"order":50,"id":31,"name":"B","prevSize":32,"code":98},"setIdx":0,"setId":0,"iconIdx":11},{"icon":{"paths":[],"attrs":[],"isMulticolor":false,"isMulticolor2":false,"grid":0,"tags":["C"]},"attrs":[],"properties":{"order":51,"id":30,"name":"C","prevSize":32,"code":99},"setIdx":0,"setId":0,"iconIdx":12},{"icon":{"paths":[],"attrs":[],"isMulticolor":false,"isMulticolor2":false,"grid":0,"tags":["Colon"]},"attrs":[],"properties":{"order":10,"id":29,"name":"Colon","prevSize":32,"code":58},"setIdx":0,"setId":0,"iconIdx":13},{"icon":{"paths":[],"attrs":[],"isMulticolor":false,"isMulticolor2":false,"grid":0,"tags":["Comma"]},"attrs":[],"properties":{"order":15,"id":28,"name":"Comma","prevSize":32,"code":44},"setIdx":0,"setId":0,"iconIdx":14},{"icon":{"paths":[],"attrs":[],"isMulticolor":false,"isMulticolor2":false,"grid":0,"tags":["D"]},"attrs":[],"properties":{"order":18,"id":27,"name":"D","prevSize":32,"code":100},"setIdx":0,"setId":0,"iconIdx":15},{"icon":{"paths":[],"attrs":[],"isMulticolor":false,"isMulticolor2":false,"grid":0,"tags":["E"]},"attrs":[],"properties":{"order":22,"id":26,"name":"E","prevSize":32,"code":101},"setIdx":0,"setId":0,"iconIdx":16},{"icon":{"paths":[],"attrs":[],"isMulticolor":false,"isMulticolor2":false,"grid":0,"tags":["ExclamMark"]},"attrs":[],"properties":{"order":27,"id":25,"name":"ExclamMark","prevSize":32,"code":33},"setIdx":0,"setId":0,"iconIdx":17},{"icon":{"paths":[],"attrs":[],"isMulticolor":false,"isMulticolor2":false,"grid":0,"tags":["F"]},"attrs":[],"properties":{"order":30,"id":24,"name":"F","prevSize":32,"code":102},"setIdx":0,"setId":0,"iconIdx":18},{"icon":{"paths":[],"attrs":[],"isMulticolor":false,"isMulticolor2":false,"grid":0,"tags":["G"]},"attrs":[],"properties":{"order":32,"id":23,"name":"G","prevSize":32,"code":103},"setIdx":0,"setId":0,"iconIdx":19},{"icon":{"paths":[],"attrs":[],"isMulticolor":false,"isMulticolor2":false,"grid":0,"tags":["H"]},"attrs":[],"properties":{"order":35,"id":22,"name":"H","prevSize":32,"code":104},"setIdx":0,"setId":0,"iconIdx":20},{"icon":{"paths":[],"attrs":[],"isMulticolor":false,"isMulticolor2":false,"grid":0,"tags":["I"]},"attrs":[],"properties":{"order":38,"id":21,"name":"I","prevSize":32,"code":105},"setIdx":0,"setId":0,"iconIdx":21},{"icon":{"paths":[],"attrs":[],"isMulticolor":false,"isMulticolor2":false,"grid":0,"tags":["J"]},"attrs":[],"properties":{"order":41,"id":20,"name":"J","prevSize":32,"code":106},"setIdx":0,"setId":0,"iconIdx":22},{"icon":{"paths":[],"attrs":[],"isMulticolor":false,"isMulticolor2":false,"grid":0,"tags":["K"]},"attrs":[],"properties":{"order":44,"id":19,"name":"K","prevSize":32,"code":107},"setIdx":0,"setId":0,"iconIdx":23},{"icon":{"paths":[],"attrs":[],"isMulticolor":false,"isMulticolor2":false,"grid":0,"tags":["L"]},"attrs":[],"properties":{"order":46,"id":18,"name":"L","prevSize":32,"code":108},"setIdx":0,"setId":0,"iconIdx":24},{"icon":{"paths":[],"attrs":[],"isMulticolor":false,"isMulticolor2":false,"grid":0,"tags":["LeftApos"]},"attrs":[],"properties":{"order":48,"id":17,"name":"LeftApos","prevSize":32,"code":34},"setIdx":0,"setId":0,"iconIdx":25},{"icon":{"paths":[],"attrs":[],"isMulticolor":false,"isMulticolor2":false,"grid":0,"tags":["M"]},"attrs":[],"properties":{"order":11,"id":16,"name":"M","prevSize":32,"code":109},"setIdx":0,"setId":0,"iconIdx":26},{"icon":{"paths":[],"attrs":[],"isMulticolor":false,"isMulticolor2":false,"grid":0,"tags":["N"]},"attrs":[],"properties":{"order":14,"id":15,"name":"N","prevSize":32,"code":110},"setIdx":0,"setId":0,"iconIdx":27},{"icon":{"paths":[],"attrs":[],"isMulticolor":false,"isMulticolor2":false,"grid":0,"tags":["O"]},"attrs":[],"properties":{"order":21,"id":14,"name":"O","prevSize":32,"code":111},"setIdx":0,"setId":0,"iconIdx":28},{"icon":{"paths":[],"attrs":[],"isMulticolor":false,"isMulticolor2":false,"grid":0,"tags":["P"]},"attrs":[],"properties":{"order":25,"id":13,"name":"P","prevSize":32,"code":112},"setIdx":0,"setId":0,"iconIdx":29},{"icon":{"paths":[],"attrs":[],"isMulticolor":false,"isMulticolor2":false,"grid":0,"tags":["Period"]},"attrs":[],"properties":{"order":26,"id":12,"name":"Period","prevSize":32,"code":46},"setIdx":0,"setId":0,"iconIdx":30},{"icon":{"paths":[],"attrs":[],"isMulticolor":false,"isMulticolor2":false,"grid":0,"tags":["Q"]},"attrs":[],"properties":{"order":31,"id":11,"name":"Q","prevSize":32,"code":113},"setIdx":0,"setId":0,"iconIdx":31},{"icon":{"paths":[],"attrs":[],"isMulticolor":false,"isMulticolor2":false,"grid":0,"tags":["Question"]},"attrs":[],"properties":{"order":29,"id":10,"name":"Question","prevSize":32,"code":63},"setIdx":0,"setId":0,"iconIdx":32},{"icon":{"paths":[],"attrs":[],"isMulticolor":false,"isMulticolor2":false,"grid":0,"tags":["R"]},"attrs":[],"properties":{"order":36,"id":9,"name":"R","prevSize":32,"code":114},"setIdx":0,"setId":0,"iconIdx":33},{"icon":{"paths":[],"attrs":[],"isMulticolor":false,"isMulticolor2":false,"grid":0,"tags":["S"]},"attrs":[],"properties":{"order":42,"id":7,"name":"S","prevSize":32,"code":115},"setIdx":0,"setId":0,"iconIdx":35},{"icon":{"paths":[],"attrs":[],"isMulticolor":false,"isMulticolor2":false,"grid":0,"tags":["T"]},"attrs":[],"properties":{"order":43,"id":6,"name":"T","prevSize":32,"code":116},"setIdx":0,"setId":0,"iconIdx":36},{"icon":{"paths":[],"attrs":[],"isMulticolor":false,"isMulticolor2":false,"grid":0,"tags":["U"]},"attrs":[],"properties":{"order":49,"id":5,"name":"U","prevSize":32,"code":117},"setIdx":0,"setId":0,"iconIdx":37},{"icon":{"paths":[],"attrs":[],"isMulticolor":false,"isMulticolor2":false,"grid":0,"tags":["V"]},"attrs":[],"properties":{"order":47,"id":4,"name":"V","prevSize":32,"code":118},"setIdx":0,"setId":0,"iconIdx":38},{"icon":{"paths":[],"attrs":[],"isMulticolor":false,"isMulticolor2":false,"grid":0,"tags":["W"]},"attrs":[],"properties":{"order":12,"id":3,"name":"W","prevSize":32,"code":119},"setIdx":0,"setId":0,"iconIdx":39},{"icon":{"paths":[],"attrs":[],"isMulticolor":false,"isMulticolor2":false,"grid":0,"tags":["X"]},"attrs":[],"properties":{"order":13,"id":2,"name":"X","prevSize":32,"code":120},"setIdx":0,"setId":0,"iconIdx":40},{"icon":{"paths":[],"attrs":[],"isMulticolor":false,"isMulticolor2":false,"grid":0,"tags":["Y"]},"attrs":[],"properties":{"order":19,"id":1,"name":"Y","prevSize":32,"code":121},"setIdx":0,"setId":0,"iconIdx":41},{"icon":{"paths":[],"attrs":[],"isMulticolor":false,"isMulticolor2":false,"grid":0,"tags":["Z"]},"attrs":[],"properties":{"order":20,"id":0,"name":"Z","prevSize":32,"code":122},"setIdx":0,"setId":0,"iconIdx":42}],"height":1024,"metadata":{"name":"JaxonFont_Black"},"preferences":{"showGlyphs":true,"showCodes":true,"showQuickUse":true,"showQuickUse2":true,"showSVGs":true,"fontPref":{"prefix":"icon-","metadata":{"fontFamily":"JaxonFont_Black","majorVersion":1,"minorVersion":0},"metrics":{"emSize":1024,"baseline":6.25,"whitespace":50},"embed":false,"showSelector":false,"showMetrics":false,"ie7":true,"noie8":false,"showMetadata":false},"imagePref":{"prefix":"icon-","png":true,"useClassSelector":true,"color":0,"bgColor":16777215},"historySize":50}}