{"IcoMoonType":"selection","icons":[{"icon":{"paths":[],"attrs":[],"grid":0,"tags":["JaxonLetters_00"],"isMulticolor":false,"isMulticolor2":false},"attrs":[],"properties":{"order":46,"id":42,"name":"JaxonLetters_00","prevSize":32,"code":65},"setIdx":0,"setId":0,"iconIdx":0},{"icon":{"paths":[],"attrs":[],"isMulticolor":false,"isMulticolor2":false,"grid":0,"tags":["JaxonLetters_01"]},"attrs":[],"properties":{"order":3,"id":41,"name":"JaxonLetters_01","prevSize":32,"code":66},"setIdx":0,"setId":0,"iconIdx":1},{"icon":{"paths":[],"attrs":[],"isMulticolor":false,"isMulticolor2":false,"grid":0,"tags":["JaxonLetters_02"]},"attrs":[],"properties":{"order":4,"id":40,"name":"JaxonLetters_02","prevSize":32,"code":67},"setIdx":0,"setId":0,"iconIdx":2},{"icon":{"paths":[],"attrs":[],"isMulticolor":false,"isMulticolor2":false,"grid":0,"tags":["JaxonLetters_03"]},"attrs":[],"properties":{"order":5,"id":39,"name":"JaxonLetters_03","prevSize":32,"code":68},"setIdx":0,"setId":0,"iconIdx":3},{"icon":{"paths":[],"attrs":[],"isMulticolor":false,"isMulticolor2":false,"grid":0,"tags":["JaxonLetters_04"]},"attrs":[],"properties":{"order":6,"id":38,"name":"JaxonLetters_04","prevSize":32,"code":69},"setIdx":0,"setId":0,"iconIdx":4},{"icon":{"paths":[],"attrs":[],"isMulticolor":false,"isMulticolor2":false,"grid":0,"tags":["JaxonLetters_05"]},"attrs":[],"properties":{"order":7,"id":37,"name":"JaxonLetters_05","prevSize":32,"code":70},"setIdx":0,"setId":0,"iconIdx":5},{"icon":{"paths":[],"attrs":[],"isMulticolor":false,"isMulticolor2":false,"grid":0,"tags":["JaxonLetters_06"]},"attrs":[],"properties":{"order":8,"id":36,"name":"JaxonLetters_06","prevSize":32,"code":71},"setIdx":0,"setId":0,"iconIdx":6},{"icon":{"paths":[],"attrs":[],"isMulticolor":false,"isMulticolor2":false,"grid":0,"tags":["JaxonLetters_07"]},"attrs":[],"properties":{"order":9,"id":35,"name":"JaxonLetters_07","prevSize":32,"code":72},"setIdx":0,"setId":0,"iconIdx":7},{"icon":{"paths":[],"attrs":[],"isMulticolor":false,"isMulticolor2":false,"grid":0,"tags":["JaxonLetters_08"]},"attrs":[],"properties":{"order":10,"id":34,"name":"JaxonLetters_08","prevSize":32,"code":73},"setIdx":0,"setId":0,"iconIdx":8},{"icon":{"paths":[],"attrs":[],"isMulticolor":false,"isMulticolor2":false,"grid":0,"tags":["JaxonLetters_09"]},"attrs":[],"properties":{"order":11,"id":33,"name":"JaxonLetters_09","prevSize":32,"code":74},"setIdx":0,"setId":0,"iconIdx":9},{"icon":{"paths":[],"attrs":[],"isMulticolor":false,"isMulticolor2":false,"grid":0,"tags":["JaxonLetters_10"]},"attrs":[],"properties":{"order":12,"id":32,"name":"JaxonLetters_10","prevSize":32,"code":75},"setIdx":0,"setId":0,"iconIdx":10},{"icon":{"paths":[],"attrs":[],"isMulticolor":false,"isMulticolor2":false,"grid":0,"tags":["JaxonLetters_11"]},"attrs":[],"properties":{"order":13,"id":31,"name":"JaxonLetters_11","prevSize":32,"code":76},"setIdx":0,"setId":0,"iconIdx":11},{"icon":{"paths":[],"attrs":[],"isMulticolor":false,"isMulticolor2":false,"grid":0,"tags":["JaxonLetters_12"]},"attrs":[],"properties":{"order":14,"id":30,"name":"JaxonLetters_12","prevSize":32,"code":77},"setIdx":0,"setId":0,"iconIdx":12},{"icon":{"paths":[],"attrs":[],"isMulticolor":false,"isMulticolor2":false,"grid":0,"tags":["JaxonLetters_13"]},"attrs":[],"properties":{"order":15,"id":29,"name":"JaxonLetters_13","prevSize":32,"code":78},"setIdx":0,"setId":0,"iconIdx":13},{"icon":{"paths":[],"attrs":[],"isMulticolor":false,"isMulticolor2":false,"grid":0,"tags":["JaxonLetters_14"]},"attrs":[],"properties":{"order":21,"id":28,"name":"JaxonLetters_14","prevSize":32,"code":79},"setIdx":0,"setId":0,"iconIdx":14},{"icon":{"paths":[],"attrs":[],"isMulticolor":false,"isMulticolor2":false,"grid":0,"tags":["JaxonLetters_15"]},"attrs":[],"properties":{"order":19,"id":27,"name":"JaxonLetters_15","prevSize":32,"code":80},"setIdx":0,"setId":0,"iconIdx":15},{"icon":{"paths":[],"attrs":[],"isMulticolor":false,"isMulticolor2":false,"grid":0,"tags":["JaxonLetters_16"]},"attrs":[],"properties":{"order":26,"id":26,"name":"JaxonLetters_16","prevSize":32,"code":81},"setIdx":0,"setId":0,"iconIdx":16},{"icon":{"paths":[],"attrs":[],"isMulticolor":false,"isMulticolor2":false,"grid":0,"tags":["JaxonLetters_17"]},"attrs":[],"properties":{"order":28,"id":25,"name":"JaxonLetters_17","prevSize":32,"code":82},"setIdx":0,"setId":0,"iconIdx":17},{"icon":{"paths":[],"attrs":[],"isMulticolor":false,"isMulticolor2":false,"grid":0,"tags":["JaxonLetters_18"]},"attrs":[],"properties":{"order":29,"id":24,"name":"JaxonLetters_18","prevSize":32,"code":83},"setIdx":0,"setId":0,"iconIdx":18},{"icon":{"paths":[],"attrs":[],"isMulticolor":false,"isMulticolor2":false,"grid":0,"tags":["JaxonLetters_19"]},"attrs":[],"properties":{"order":32,"id":23,"name":"JaxonLetters_19","prevSize":32,"code":84},"setIdx":0,"setId":0,"iconIdx":19},{"icon":{"paths":[],"attrs":[],"isMulticolor":false,"isMulticolor2":false,"grid":0,"tags":["JaxonLetters_20"]},"attrs":[],"properties":{"order":33,"id":22,"name":"JaxonLetters_20","prevSize":32,"code":85},"setIdx":0,"setId":0,"iconIdx":20},{"icon":{"paths":[],"attrs":[],"isMulticolor":false,"isMulticolor2":false,"grid":0,"tags":["JaxonLetters_21"]},"attrs":[],"properties":{"order":36,"id":21,"name":"JaxonLetters_21","prevSize":32,"code":86},"setIdx":0,"setId":0,"iconIdx":21},{"icon":{"paths":[],"attrs":[],"isMulticolor":false,"isMulticolor2":false,"grid":0,"tags":["JaxonLetters_22"]},"attrs":[],"properties":{"order":38,"id":20,"name":"JaxonLetters_22","prevSize":32,"code":87},"setIdx":0,"setId":0,"iconIdx":22},{"icon":{"paths":[],"attrs":[],"isMulticolor":false,"isMulticolor2":false,"grid":0,"tags":["JaxonLetters_23"]},"attrs":[],"properties":{"order":41,"id":19,"name":"JaxonLetters_23","prevSize":32,"code":88},"setIdx":0,"setId":0,"iconIdx":23},{"icon":{"paths":[],"attrs":[],"isMulticolor":false,"isMulticolor2":false,"grid":0,"tags":["JaxonLetters_24"]},"attrs":[],"properties":{"order":42,"id":18,"name":"JaxonLetters_24","prevSize":32,"code":89},"setIdx":0,"setId":0,"iconIdx":24},{"icon":{"paths":[],"attrs":[],"isMulticolor":false,"isMulticolor2":false,"grid":0,"tags":["JaxonLetters_25"]},"attrs":[],"properties":{"order":44,"id":17,"name":"JaxonLetters_25","prevSize":32,"code":90},"setIdx":0,"setId":0,"iconIdx":25},{"icon":{"paths":[],"attrs":[],"isMulticolor":false,"isMulticolor2":false,"grid":0,"tags":["JaxonLetters_26"]},"attrs":[],"properties":{"order":16,"id":16,"name":"JaxonLetters_26","prevSize":32,"code":46},"setIdx":0,"setId":0,"iconIdx":26},{"icon":{"paths":[],"attrs":[],"isMulticolor":false,"isMulticolor2":false,"grid":0,"tags":["JaxonLetters_27"]},"attrs":[],"properties":{"order":20,"id":15,"name":"JaxonLetters_27","prevSize":32,"code":33},"setIdx":0,"setId":0,"iconIdx":27},{"icon":{"paths":[],"attrs":[],"isMulticolor":false,"isMulticolor2":false,"grid":0,"tags":["JaxonLetters_28"]},"attrs":[],"properties":{"order":22,"id":14,"name":"JaxonLetters_28","prevSize":32,"code":63},"setIdx":0,"setId":0,"iconIdx":28},{"icon":{"paths":[],"attrs":[],"isMulticolor":false,"isMulticolor2":false,"grid":0,"tags":["JaxonLetters_29"]},"attrs":[],"properties":{"order":25,"id":13,"name":"JaxonLetters_29","prevSize":32,"code":58},"setIdx":0,"setId":0,"iconIdx":29},{"icon":{"paths":[],"attrs":[],"isMulticolor":false,"isMulticolor2":false,"grid":0,"tags":["JaxonLetters_30"]},"attrs":[],"properties":{"order":27,"id":12,"name":"JaxonLetters_30","prevSize":32,"code":44},"setIdx":0,"setId":0,"iconIdx":30},{"icon":{"paths":[],"attrs":[],"isMulticolor":false,"isMulticolor2":false,"grid":0,"tags":["JaxonLetters_31"]},"attrs":[],"properties":{"order":30,"id":11,"name":"JaxonLetters_31","prevSize":32,"code":34},"setIdx":0,"setId":0,"iconIdx":31},{"icon":{"paths":[],"attrs":[],"isMulticolor":false,"isMulticolor2":false,"grid":0,"tags":["JaxonLetters_33"]},"attrs":[],"properties":{"order":34,"id":9,"name":"JaxonLetters_33","prevSize":32,"code":48},"setIdx":0,"setId":0,"iconIdx":33},{"icon":{"paths":[],"attrs":[],"isMulticolor":false,"isMulticolor2":false,"grid":0,"tags":["JaxonLetters_34"]},"attrs":[],"properties":{"order":35,"id":8,"name":"JaxonLetters_34","prevSize":32,"code":49},"setIdx":0,"setId":0,"iconIdx":34},{"icon":{"paths":[],"attrs":[],"isMulticolor":false,"isMulticolor2":false,"grid":0,"tags":["JaxonLetters_35"]},"attrs":[],"properties":{"order":40,"id":7,"name":"JaxonLetters_35","prevSize":32,"code":50},"setIdx":0,"setId":0,"iconIdx":35},{"icon":{"paths":[],"attrs":[],"isMulticolor":false,"isMulticolor2":false,"grid":0,"tags":["JaxonLetters_36"]},"attrs":[],"properties":{"order":39,"id":6,"name":"JaxonLetters_36","prevSize":32,"code":51},"setIdx":0,"setId":0,"iconIdx":36},{"icon":{"paths":[],"attrs":[],"isMulticolor":false,"isMulticolor2":false,"grid":0,"tags":["JaxonLetters_37"]},"attrs":[],"properties":{"order":43,"id":5,"name":"JaxonLetters_37","prevSize":32,"code":52},"setIdx":0,"setId":0,"iconIdx":37},{"icon":{"paths":[],"attrs":[],"isMulticolor":false,"isMulticolor2":false,"grid":0,"tags":["JaxonLetters_38"]},"attrs":[],"properties":{"order":45,"id":4,"name":"JaxonLetters_38","prevSize":32,"code":53},"setIdx":0,"setId":0,"iconIdx":38},{"icon":{"paths":[],"attrs":[],"isMulticolor":false,"isMulticolor2":false,"grid":0,"tags":["JaxonLetters_39"]},"attrs":[],"properties":{"order":17,"id":3,"name":"JaxonLetters_39","prevSize":32,"code":54},"setIdx":0,"setId":0,"iconIdx":39},{"icon":{"paths":[],"attrs":[],"isMulticolor":false,"isMulticolor2":false,"grid":0,"tags":["JaxonLetters_40"]},"attrs":[],"properties":{"order":18,"id":2,"name":"JaxonLetters_40","prevSize":32,"code":55},"setIdx":0,"setId":0,"iconIdx":40},{"icon":{"paths":[],"attrs":[],"isMulticolor":false,"isMulticolor2":false,"grid":0,"tags":["JaxonLetters_41"]},"attrs":[],"properties":{"order":23,"id":1,"name":"JaxonLetters_41","prevSize":32,"code":56},"setIdx":0,"setId":0,"iconIdx":41},{"icon":{"paths":[],"attrs":[],"isMulticolor":false,"isMulticolor2":false,"grid":0,"tags":["JaxonLetters_42"]},"attrs":[],"properties":{"order":24,"id":0,"name":"JaxonLetters_42","prevSize":32,"code":57},"setIdx":0,"setId":0,"iconIdx":42}],"height":1024,"metadata":{"name":"JaxonFont"},"preferences":{"showGlyphs":true,"showCodes":true,"showQuickUse":false,"showQuickUse2":true,"showSVGs":true,"fontPref":{"prefix":"letter-","metadata":{"fontFamily":"JaxonFont","majorVersion":1,"minorVersion":0},"metrics":{"emSize":1024,"baseline":6.25,"whitespace":50},"embed":false,"autoHost":false,"showMetrics":true,"showMetadata":false},"imagePref":{"prefix":"icon-","png":true,"useClassSelector":true,"color":0,"bgColor":16777215,"name":"icomoon","classSelector":".icon"},"historySize":50,"quickUsageToken":{"JaxonFont":"YzNhMGY0MDMwY2Y2Y2UzOGM3MzQxMzIzMjI2NWQxODEjMSMxNjM2OTE1MzU5IyMjYTVmZjkyM2I0OGQz"},"showLiga":true,"gridSize":16}}